{
    "rmse": 1.179621168618273,
    "mae": 0.5514578463152575,
    "r2": 0.9820401301434706
}